City_ID,City,Lat,Lng,Max Temp,Humidity,Cloudiness,Wind Speed,Country,Date
0,belabo,4.9333,13.3,71.2,97,58,0.72,CM,1684705402
1,port-aux-francais,-49.35,70.2167,43.92,89,92,30.4,TF,1684705402
2,invercargill,-46.4,168.35,45.14,76,100,4.85,NZ,1684705402
3,kolonia town,6.964,158.206,82.51,89,100,3.44,FM,1684705402
4,albany,42.6001,-73.9662,73.17,50,9,1.01,US,1684705402
5,port elizabeth,-33.918,25.5701,56.1,90,40,12.66,ZA,1684705402
6,iqaluit,63.7506,-68.5145,20.93,62,75,15.01,CA,1684705396
7,adamstown,-25.066,-130.1015,75.92,81,97,17.81,PN,1684705402
8,grytviken,-54.2811,-36.5092,30.16,67,90,8.5,GS,1684705402
9,mount pearl,47.5166,-52.7813,53.94,74,75,21.85,CA,1684705402
10,bethel,41.3712,-73.414,70.02,60,100,12.66,US,1684705403
11,whitehorse,60.7161,-135.0538,61.57,35,100,4.61,CA,1684705403
12,carnarvon,-24.8667,113.6333,65.89,34,54,11.99,AU,1684705403
13,arkalyk,50.2486,66.9114,55.67,45,76,10.54,KZ,1684705403
14,mount darwin,-16.7725,31.5838,62.04,69,4,3.15,ZW,1684705403
15,rio grande,-32.035,-52.0986,66.31,93,100,6.15,BR,1684705403
16,nar'yan-mar,67.6713,53.087,50.52,78,58,5.68,RU,1684705403
17,saipan,15.1355,145.701,83.64,100,20,9.22,MP,1684705403
18,anadyr,64.75,177.4833,39.7,80,100,4.47,RU,1684705403
19,jamestown,42.097,-79.2353,69.53,45,0,12.66,US,1684705148
20,selfoss,63.9331,-20.9971,39.04,62,88,24.4,IS,1684705403
21,lerwick,60.1545,-1.1494,42.8,81,33,3.56,GB,1684705403
22,port mathurin,-19.6833,63.4167,76.55,73,1,4.5,MU,1684705404
23,kromy,52.6876,35.7667,47.35,87,98,7.27,RU,1684705404
24,constantia,44.1833,28.65,57.88,79,100,14.76,RO,1684705205
25,deir ez-zor,35.3359,40.1408,76.03,30,56,4.09,SY,1684705404
26,narasapur,16.45,81.6667,82.06,88,4,6.89,IN,1684705404
27,rancho palos verdes,33.7445,-118.387,81.99,83,40,12.66,US,1684705404
28,blackmans bay,-43.0167,147.3167,53.73,73,81,9.04,AU,1684705404
29,ushuaia,-54.8,-68.3,37.06,65,40,5.75,AR,1684705338
30,cidade velha,14.9167,-23.6167,73.87,73,75,13.8,CV,1684705404
31,as sulayyil,20.4607,45.5779,86.25,28,15,8.43,SA,1684705404
32,waitangi,-43.9535,-176.5597,54.82,79,74,13.0,NZ,1684705392
33,yichang,30.7144,111.2847,59.11,89,100,2.28,CN,1684705404
34,nuku'alofa,-21.1333,-175.2,79.14,73,75,9.22,TO,1684705390
35,ujae,8.9322,165.7642,82.8,80,92,11.97,MH,1684705405
36,al bardiyah,31.7561,25.0865,66.54,77,0,16.62,LY,1684705405
37,griffith,41.5284,-87.4237,81.34,34,0,13.8,US,1684705405
38,bridlington,54.0831,-0.1919,52.14,86,1,12.12,GB,1684705405
39,la passe,45.5549,-0.8967,61.03,94,100,8.84,FR,1684705405
40,paita,-5.0892,-81.1144,76.39,74,11,14.32,PE,1684705281
41,vorgashor,67.5833,63.95,34.54,96,93,6.04,RU,1684705221
42,bredasdorp,-34.5322,20.0403,51.98,65,100,3.91,ZA,1684705379
43,ribeira grande,38.5167,-28.7,62.78,79,100,5.01,PT,1684705405
44,duck lake,52.8168,-106.2344,75.18,38,98,12.08,CA,1684705405
45,glace bay,46.1969,-59.957,57.88,94,100,19.57,CA,1684705157
46,lethbridge,49.7,-112.8186,88.61,28,75,31.07,CA,1684705230
47,newbiggin-by-the-sea,55.1853,-1.5147,51.17,84,0,0.0,GB,1684705405
48,edinburgh of the seven seas,-37.0676,-12.3116,60.58,85,79,20.45,SH,1684705406
49,dudinka,69.4058,86.1778,33.62,98,100,11.34,RU,1684705406
50,kadoma,34.7333,135.5833,69.19,73,40,6.91,JP,1684705406
51,papatowai,-46.5619,169.4708,46.92,65,94,4.97,NZ,1684705406
52,horta,38.5333,-28.6333,62.02,79,100,5.01,PT,1684705406
53,tralee,52.2704,-9.7026,51.42,94,100,5.32,IE,1684705406
54,lewiston orchards,46.3804,-116.9754,83.71,48,44,12.64,US,1684705406
55,college,64.8569,-147.8028,68.09,39,40,5.75,US,1684705188
56,puerto armuelles,8.2833,-82.8667,75.18,84,89,8.21,PA,1684705406
57,bonthe,7.5264,-12.505,81.19,79,88,6.98,SL,1684705406
58,emerald,-23.5333,148.1667,55.35,55,0,14.99,AU,1684705407
59,bulolo,-7.2,146.65,71.02,91,100,1.28,PG,1684705407
60,fale old settlement,-9.3852,-171.2468,83.21,78,100,8.72,TK,1684705407
61,shanwei,22.782,115.3475,80.08,91,13,7.72,CN,1684705407
62,bamboo flat,11.7,92.7167,80.69,89,40,2.3,IN,1684705407
63,tiksi,71.6872,128.8694,12.42,90,37,4.5,RU,1684705407
64,biaora,23.8667,76.9167,88.59,28,2,7.72,IN,1684705407
65,toliara,-23.35,43.6667,69.19,72,0,2.24,MG,1684705407
66,port augusta,-32.5,137.7667,52.2,80,0,4.05,AU,1684705407
67,mount gambier,-37.8333,140.7667,46.27,91,100,4.07,AU,1684705407
68,yellowknife,62.456,-114.3525,68.52,40,75,10.36,CA,1684705407
69,ilulissat,69.2167,-51.1,28.42,69,100,10.36,GL,1684705408
70,ribe,55.3305,8.7697,61.02,92,100,13.62,DK,1684705408
71,kinel'-cherkassy,53.4706,51.4743,56.25,54,7,8.1,RU,1684705408
72,geraldton,-28.7667,114.6,57.61,47,1,16.11,AU,1684705408
73,tolanaro,-25.0319,46.9987,69.87,83,20,4.61,MG,1684705408
74,meadow lake,34.8014,-106.5436,74.97,25,9,7.31,US,1684705408
75,qamdo,31.1667,97.2333,34.56,63,5,1.14,CN,1684705408
76,boguchany,58.3814,97.4531,49.69,91,93,4.27,RU,1684705408
77,santa cruz,-17.8,-63.1667,80.65,74,40,17.27,BO,1684705408
78,wurtulla,-26.7568,153.1256,58.05,65,7,1.99,AU,1684705408
79,aswan,24.0934,32.907,90.7,12,0,3.44,EG,1684705408
80,luebo,-5.35,21.4167,74.57,73,46,0.81,CD,1684705408
81,adam,22.3756,57.5233,86.07,39,83,6.22,OM,1684705409
82,blackfoot,43.1905,-112.345,84.58,28,8,4.52,US,1684705409
83,puerto baquerizo moreno,-0.9,-89.6,81.59,74,75,11.5,EC,1684705409
84,kupjansk,49.7209,37.5998,56.66,95,100,7.25,UA,1684705409
85,kerikeri,-35.2268,173.9474,60.91,96,91,8.75,NZ,1684705409
86,aykhal,66.0,111.5,24.98,86,85,3.24,RU,1684705409
87,turkmenbasy,40.0222,52.9552,63.37,72,0,6.91,TM,1684705409
88,kabo,7.6994,18.629,81.01,57,90,4.72,CF,1684705409
89,holualoa,19.6228,-155.9522,81.55,72,40,16.11,US,1684705296
90,margaret river,-33.95,115.0667,58.44,61,97,9.37,AU,1684705409
91,port lincoln,-34.7333,135.8667,59.09,57,100,5.08,AU,1684705409
92,saldanha,-33.0117,17.9442,48.25,72,100,7.29,ZA,1684705409
93,avarua,-21.2078,-159.775,78.85,78,40,10.36,CK,1684705381
94,katsuura,35.1333,140.3,70.34,88,85,4.47,JP,1684705410
95,west island,-12.1568,96.8225,78.78,89,14,4.61,CC,1684705410
96,perechyn,48.7333,22.4667,56.16,80,1,5.75,UA,1684705410
97,kununurra,-15.7667,128.7333,60.78,41,3,8.05,AU,1684705410
98,bilibino,68.0546,166.4372,44.26,60,60,15.48,RU,1684705410
99,luena,-11.7833,19.9167,69.98,56,46,4.61,AO,1684705410
100,tonghua,41.7201,125.9219,50.5,69,0,0.94,CN,1684705410
101,tokar,18.4254,37.729,80.92,58,41,6.2,SD,1684705410
102,rawson,-43.3002,-65.1023,59.79,44,83,11.21,AR,1684705410
103,waddan,29.1614,16.139,74.95,21,0,7.34,LY,1684705410
104,ust-nera,64.5667,143.2,37.56,84,100,4.16,RU,1684705410
105,kidal,18.4411,1.4078,96.28,13,23,6.91,ML,1684705410
106,portland,45.5234,-122.6762,68.63,62,75,11.5,US,1684705219
107,isafjordur,66.0755,-23.124,38.35,73,50,14.07,IS,1684705411
108,kushiro,42.975,144.3747,51.6,89,48,7.99,JP,1684705411
109,huntsville,34.7304,-86.5861,80.4,52,0,3.44,US,1684705101
110,leava,-14.3,-178.1667,83.28,79,97,13.22,WF,1684705411
111,tura,25.5198,90.2201,67.03,91,13,2.82,IN,1684705330
112,ponta delgada,37.7333,-25.6667,63.32,77,40,9.22,PT,1684705411
113,wailua homesteads,22.0669,-159.378,81.03,77,40,9.22,US,1684705411
114,palmer,42.1584,-72.3287,72.21,56,75,8.05,US,1684705411
115,nalut,30.3333,10.85,68.05,24,0,5.91,LY,1684705411
116,n'dalatando,-9.2978,14.9116,67.73,95,90,2.04,AO,1684705411
117,puerto natales,-51.7236,-72.4875,33.57,90,47,5.19,CL,1684705411
118,hermanus,-34.4187,19.2345,46.8,69,100,9.55,ZA,1684705196
119,al jawf,29.5,38.75,75.15,23,0,3.78,SA,1684705411
120,vernon,50.2581,-119.2691,72.61,60,97,1.14,CA,1684705162
121,kavieng,-2.5744,150.7967,81.72,77,100,12.15,PG,1684705412
122,tamandare,-8.7597,-35.1047,77.05,88,17,5.14,BR,1684705412
123,sparta,43.9441,-90.8129,78.33,29,0,10.36,US,1684705412
124,east london,-33.0153,27.9116,59.83,68,92,16.6,ZA,1684705412
125,new norfolk,-42.7826,147.0587,54.9,63,99,3.0,AU,1684705412
126,mudgee,-32.5943,149.5871,42.44,79,0,1.92,AU,1684705412
127,puerto ayora,-0.7393,-90.3518,84.16,90,58,8.99,EC,1684705412
128,kulhudhuffushi,6.6221,73.07,83.86,73,96,8.77,MV,1684705412
129,castillos,-34.1667,-53.8333,63.21,92,100,7.18,UY,1684705412
130,kupang,-10.1667,123.5833,73.98,88,20,8.05,ID,1684705412
131,kodiak,57.79,-152.4072,44.11,93,100,13.8,US,1684705412
132,muisne,0.6,-80.0333,79.72,78,72,7.85,EC,1684705412
133,hasaki,35.7333,140.8333,69.22,89,97,4.61,JP,1684705412
134,khandyga,62.6667,135.6,41.14,71,97,0.47,RU,1684705413
135,severnoye,56.3491,78.3619,51.4,60,79,4.63,RU,1684705413
136,malvan,16.0667,73.4667,82.29,80,26,5.84,IN,1684705413
137,port alfred,-33.5906,26.891,57.4,72,9,11.83,ZA,1684705413
138,kyren,51.6828,102.1408,43.18,58,94,2.26,RU,1684705413
139,enewetak,11.3474,162.3373,81.99,78,84,10.92,MH,1684705413
140,lamu,-2.2717,40.902,79.02,87,18,8.57,KE,1684705413
141,sao joao da barra,-21.6403,-41.0511,68.09,78,65,9.04,BR,1684705413
142,polyarnyy,69.1989,33.4478,47.21,89,100,12.88,RU,1684705413
143,jutai,-5.1833,-68.9,78.55,93,90,1.54,BR,1684705413
144,canutama,-6.5339,-64.3831,80.15,86,48,2.57,BR,1684705413
145,keflavik,64.0049,-22.5624,37.83,87,75,8.05,IS,1684705413
146,okhotsk,59.3833,143.3,37.18,83,100,15.28,RU,1684705413
147,hawaiian paradise park,19.5933,-154.9731,81.91,78,75,8.05,US,1684705414
148,barkot,30.8167,78.2,65.82,38,0,6.08,IN,1684705414
149,lebu,-37.6167,-73.65,53.2,88,11,8.55,CL,1684705414
150,remire-montjoly,4.9167,-52.2667,78.84,89,20,3.44,GF,1684705414
151,sinabang,2.4803,96.3801,80.4,81,100,6.04,ID,1684705414
152,ghat,24.9647,10.1728,79.59,15,18,3.83,LY,1684705414
153,cill airne,52.05,-9.5167,52.38,98,100,3.69,IE,1684705414
154,gadzhiyevo,69.2551,33.3362,45.5,93,100,13.73,RU,1684705414
155,leh,34.1667,77.5833,43.36,34,40,2.48,IN,1684705414
156,hithadhoo,-0.6,73.0833,82.35,75,4,2.3,MV,1684705414
157,hammerfest,70.6634,23.6821,45.05,81,20,16.11,NO,1684705414
158,smara,26.7384,-11.6719,65.57,55,6,13.98,EH,1684705414
159,vilyuchinsk,52.9306,158.4028,37.67,99,100,4.32,RU,1684705415
160,klyuchi,52.2667,79.1667,53.44,48,9,7.74,RU,1684705415
161,villa gesell,-37.2639,-56.973,63.05,92,63,14.2,AR,1684705415
162,crane,31.3974,-102.3501,80.56,40,54,9.51,US,1684705415
163,guerrero negro,27.9769,-114.0611,69.66,57,66,15.41,MX,1684705415
164,stanley,54.868,-1.6985,48.7,82,0,0.0,GB,1684705415
165,bardai,11.65,7.2333,71.22,85,100,7.29,NG,1684705415
166,kalmunai,7.4167,81.8167,79.29,85,100,7.56,LK,1684705415
167,acarau,-2.8856,-40.12,79.05,87,74,10.04,BR,1684705415
168,qaqortoq,60.7167,-46.0333,36.28,61,100,9.1,GL,1684705415
169,yulinshi,38.2906,109.7494,48.9,30,18,6.55,CN,1684705415
170,uyovu,-3.2833,31.5258,65.14,69,9,2.68,TZ,1684705415
171,karratha,-20.7377,116.8463,62.22,38,26,15.12,AU,1684705415
172,amga,60.8953,131.9608,33.1,58,82,9.73,RU,1684705416
173,swedru,5.5371,-0.6998,75.06,96,91,4.52,GH,1684705416
174,petropavlovsk-kamchatsky,53.0452,158.6483,36.19,100,100,6.71,RU,1684705416
175,cadale,2.7603,46.3222,79.86,86,99,9.95,SO,1684705416
176,fort bragg,35.139,-79.006,74.75,70,100,9.22,US,1684705416
177,deogarh,21.5333,84.7333,78.75,87,0,3.0,IN,1684705416
178,tadmur,34.5608,38.2805,73.62,33,97,2.91,SY,1684705416
179,puerto carreno,6.189,-67.4859,82.38,83,75,4.61,CO,1684705416
180,olonkinbyen,70.9221,-8.7187,34.75,97,100,18.45,SJ,1684705416
181,minas de marcona,-15.2119,-75.1103,62.28,75,40,12.46,PE,1684705416
182,usogorsk,63.4106,48.6872,53.35,50,70,0.65,RU,1684705416
183,udachny,66.4167,112.4,28.45,53,66,3.62,RU,1684705399
184,shimoda,34.6667,138.95,74.1,87,46,2.26,JP,1684705417
185,aasiaat,68.7098,-52.8699,27.95,74,94,7.94,GL,1684705399
186,linxia chengguanzhen,35.6003,103.2064,45.5,68,100,1.54,CN,1684705417
187,dwarka,22.2394,68.9678,82.53,78,10,14.36,IN,1684705417
188,kingston,17.997,-76.7936,84.2,87,75,10.36,JM,1684705259
189,badger,64.8,-147.5333,68.38,39,0,5.75,US,1684705417
190,kapoeta,4.7717,33.5903,78.78,60,51,5.7,SS,1684705417
191,birjand,32.8663,59.2211,70.27,30,75,4.61,IR,1684705417
192,tazovsky,67.4667,78.7,33.82,89,62,10.74,RU,1684705417
193,melo,-32.3667,-54.1833,61.43,98,100,6.15,UY,1684705417
194,marsa alam,25.0757,34.8918,81.43,37,0,5.35,EG,1684705417
195,prince rupert,54.3161,-130.3201,50.09,82,100,19.57,CA,1684705410
196,sosnovo-ozerskoye,52.5249,111.5418,41.05,57,3,4.38,RU,1684705417
197,hami,42.8,93.45,72.32,21,100,10.96,CN,1684705417
198,krasnokamsk,58.0802,55.7541,55.56,83,46,2.48,RU,1684705417
199,sao gabriel da cachoeira,-0.1303,-67.0892,77.65,96,97,2.51,BR,1684705418
200,cidreira,-30.1811,-50.2056,67.53,85,100,10.04,BR,1684705388
201,molo,-0.2479,35.7374,55.17,91,98,1.7,KE,1684705418
202,dryden,49.7833,-92.7503,62.89,42,0,10.36,CA,1684705323
203,jayapura,-2.5333,140.7,76.39,84,86,2.48,ID,1684705418
204,pathein,16.7833,94.7333,80.8,82,9,7.87,MM,1684705418
205,buala,-8.145,159.5921,83.48,78,100,6.96,SB,1684705418
206,i-n-salah,27.1935,2.4607,82.29,12,0,10.96,DZ,1684705418
207,tashtyp,52.7939,89.8983,44.15,94,83,3.78,RU,1684705418
208,rome,34.257,-85.1647,84.25,62,20,9.22,US,1684704801
209,galliano,29.4422,-90.2992,86.0,62,75,3.44,US,1684705418
210,opuwo,-18.0607,13.84,63.37,39,0,3.78,NA,1684705418
211,huangnihe,43.5583,128.0239,49.77,71,1,4.61,CN,1684705418
212,longyearbyen,78.2186,15.6401,40.84,70,75,9.22,SJ,1684705419
213,punta arenas,-53.15,-70.9167,37.51,75,20,5.75,CL,1684705208
214,utrik,11.2278,169.8474,82.02,82,68,15.1,MH,1684705419
215,georgetown,5.4112,100.3354,82.35,78,20,0.0,MY,1684705346
216,haimen,23.1935,116.6142,78.69,92,80,6.22,CN,1684705419
217,nadym,65.5333,72.5167,38.75,74,9,5.77,RU,1684705419
218,afif,23.9065,42.9172,76.98,14,0,11.92,SA,1684705419
219,sao tome,0.3365,6.7273,78.64,79,98,8.95,ST,1684705419
220,tazacorte,28.629,-17.9293,67.17,81,40,7.0,ES,1684705419
221,mananara,-16.1667,49.7667,72.99,95,19,2.86,MG,1684705419
222,port shepstone,-30.7414,30.455,63.03,58,11,23.58,ZA,1684705406
223,plastun,44.7561,136.2939,47.21,91,93,3.38,RU,1684705419
224,thompson,55.7435,-97.8558,57.36,26,40,3.44,CA,1684705419
225,illizi,26.4833,8.4667,76.55,16,3,4.61,DZ,1684705419
226,orange,33.7,-117.7675,90.23,71,75,8.05,US,1684705419
227,atafu village,-8.5421,-172.5159,83.39,77,44,11.07,TK,1684705420
228,sao miguel do araguaia,-13.275,-50.1628,76.15,41,13,2.39,BR,1684705420
229,cabo san lucas,22.8909,-109.9124,95.31,29,0,11.5,MX,1684705301
230,tromso,69.6496,18.957,44.62,81,20,2.3,NO,1684705393
231,talnakh,69.4865,88.3972,33.21,99,100,5.97,RU,1684705386
232,iskateley,67.6803,53.1512,50.34,78,58,5.61,RU,1684705420
233,pemangkat,1.1667,108.9667,78.48,89,33,6.33,ID,1684705420
234,boradigah,38.9339,48.7038,57.24,84,0,5.1,AZ,1684705420
235,nakasongola,1.3089,32.4564,66.06,88,22,3.33,UG,1684705420
236,benghazi,32.1167,20.0667,66.06,84,0,7.11,LY,1684705420
237,bonga,7.2833,36.2333,61.48,92,98,2.53,ET,1684705420
238,kenai,60.5544,-151.2583,53.69,40,20,4.61,US,1684705420
239,porto novo,6.4965,2.6036,82.22,79,100,8.63,BJ,1684705420
240,yilan,24.757,121.753,84.02,99,85,1.97,TW,1684705420
241,salinopolis,-0.6136,-47.3561,79.97,86,100,11.54,BR,1684705420
242,boa vista,2.8197,-60.6733,82.38,78,40,3.44,BR,1684705421
243,linden,6.0,-58.3,77.47,93,100,4.56,GY,1684705421
244,pico truncado,-46.7949,-67.9573,42.64,70,2,25.08,AR,1684705421
245,ciudad lazaro cardenas,17.9583,-102.2,87.94,64,71,9.1,MX,1684705421
246,jatibarang,-6.4747,108.3153,74.93,80,3,5.01,ID,1684705421
247,konarka,19.9,86.1167,82.8,89,44,18.63,IN,1684705421
248,kedougou,12.5579,-12.1743,95.58,43,20,0.0,SN,1684705421
249,kuala belait,4.5833,114.1833,78.96,89,100,3.22,BN,1684705421
250,haiku-pauwela,20.9219,-156.3051,84.22,48,40,17.27,US,1684705421
251,sitka,57.0531,-135.33,55.29,58,100,13.8,US,1684705421
252,suva,-18.1416,178.4415,81.88,78,20,4.61,FJ,1684705421
253,barclayville,4.6797,-8.2339,78.24,87,81,2.95,LR,1684705421
254,taro,-8.3862,115.28,71.6,95,66,1.9,ID,1684705421
255,howrah,22.5892,88.3103,80.6,78,40,8.05,IN,1684705422
256,nagqu,31.5,92.0,24.12,93,100,2.84,CN,1684705422
257,makhambet,47.6667,51.5833,68.07,53,100,16.71,KZ,1684705422
258,fortuna,40.5982,-124.1573,62.92,85,100,10.36,US,1684705422
259,bandarbeyla,9.4942,50.8122,81.41,85,96,9.26,SO,1684705422
260,margate,51.3813,1.3862,54.9,82,11,7.0,GB,1684705422
261,juybar,36.6412,52.9124,69.96,73,72,8.32,IR,1684705422
262,rabaul,-4.1967,152.1721,77.11,88,100,1.36,PG,1684705422
263,beipiao,41.7919,120.7792,59.63,33,31,2.93,CN,1684705422
264,argo,37.6333,22.7333,61.79,85,93,2.95,GR,1684705422
265,fisterra,42.9049,-9.2629,62.02,83,5,20.92,ES,1684705422
266,jinghong,21.991,100.7341,71.6,60,0,2.77,CN,1684705422
267,lihue,21.9789,-159.3672,81.64,77,40,9.22,US,1684705397
268,salalah,17.0151,54.0924,84.29,84,40,9.22,OM,1684705423
269,kongolo,-5.3833,27.0,74.64,66,13,1.66,CD,1684705423
270,arraial do cabo,-22.9661,-42.0278,73.26,78,40,17.27,BR,1684705423
271,faqirwali,29.4663,73.034,95.31,21,4,8.99,PK,1684705423
272,kencong,-8.2833,113.3667,71.56,91,19,2.75,ID,1684705423
273,hepo,23.4308,115.8299,76.96,97,87,2.46,CN,1684705423
274,tsiombe,-25.3,45.4833,64.27,90,0,5.19,MG,1684705423
275,luba,3.4568,8.5547,78.69,88,100,9.01,GQ,1684705424
276,mejit,10.2753,170.8646,81.5,84,77,15.57,MH,1684705424
277,saint-francois,46.4154,3.9054,61.97,90,75,2.3,FR,1684705321
278,kalmthout,51.3846,4.4742,62.89,82,100,4.61,BE,1684705424
279,taltal,-25.4,-70.4833,63.64,79,91,2.01,CL,1684705424
280,hamilton,39.1834,-84.5333,78.44,40,0,10.36,US,1684705403
281,ojinaga,29.5667,-104.4167,90.57,30,0,0.0,MX,1684705424
282,san patricio,28.017,-97.5169,84.15,65,50,12.62,US,1684705424
283,kvissleby,62.2936,17.375,42.64,71,0,1.66,SE,1684705424
284,xai-xai,-25.0519,33.6442,67.48,66,0,6.44,MZ,1684705424
285,longboat key,27.4125,-82.659,89.06,66,75,6.91,US,1684705424
286,port blair,11.6667,92.75,80.64,89,40,2.3,IN,1684705424
287,marovoay,-16.1,46.6333,70.9,82,20,3.11,MG,1684705424
288,mabaruma,8.2,-59.7833,75.15,99,100,2.33,GY,1684705424
289,mahina,-17.5065,-149.489,85.77,74,20,8.05,PF,1684705425
290,pechora,65.1472,57.2244,44.6,66,57,3.85,RU,1684705425
291,hadibu,12.65,54.0333,84.63,69,71,5.1,YE,1684705425
292,mugia,43.1041,-9.2179,62.17,87,10,21.97,ES,1684705425
293,lompoc,34.6391,-120.4579,79.02,80,100,15.01,US,1684705425
294,sisimiut,66.9395,-53.6735,30.83,73,56,2.21,GL,1684705425
295,la ronge,55.1001,-105.2842,57.45,38,100,11.5,CA,1684705425
296,kavaratti,10.5669,72.642,85.62,67,41,7.72,IN,1684705425
297,khanty-mansiysk,61.0042,69.0019,51.91,71,0,4.47,RU,1684705425
298,susuman,62.7833,148.1667,35.55,70,86,8.14,RU,1684705425
299,port douglas,-16.4833,145.4667,72.34,66,70,14.2,AU,1684705239
300,port macquarie,-31.4333,152.9167,48.88,66,20,9.08,AU,1684705425
301,orlovskiy,46.8714,42.0592,58.17,68,100,10.94,RU,1684705425
302,cafayate,-26.073,-65.9761,65.84,23,0,2.77,AR,1684705425
303,antofagasta,-23.65,-70.4,63.68,83,20,8.43,CL,1684705360
304,clearlake,38.9582,-122.6264,88.27,34,100,6.67,US,1684705426
305,mili,6.0815,171.735,83.66,82,100,16.84,MH,1684705426
306,vilyuysk,63.7553,121.6247,30.36,53,8,10.02,RU,1684705426
307,new plymouth,-39.0667,174.0833,57.81,39,79,10.31,NZ,1684705426
308,piedras negras,28.7,-100.5167,79.38,70,40,9.22,MX,1684705426
309,saudarkrokur,65.7461,-19.6394,39.4,68,100,17.0,IS,1684705426
310,banda aceh,5.5577,95.3222,80.74,81,60,9.08,ID,1684705426
311,phalaborwa,-23.943,31.1411,69.08,33,0,5.86,ZA,1684705426
312,ocean city,39.2776,-74.5746,74.17,49,23,5.01,US,1684705353
313,englewood,39.6478,-104.9878,77.23,31,75,8.05,US,1684705355
314,heihe,50.2441,127.4902,48.78,54,8,12.66,CN,1684705426
315,labuan,5.2767,115.2417,77.36,94,20,0.0,MY,1684705426
316,pindi bhattian,31.8978,73.273,89.53,13,25,6.06,PK,1684705426
317,sejny,54.108,23.347,54.07,75,27,4.43,PL,1684705427
318,al kawa,13.7463,32.4996,87.17,9,0,9.82,SD,1684705427
319,hanceville,34.0607,-86.7675,80.51,57,100,5.73,US,1684705427
320,vallegrande,-18.4897,-64.1069,60.06,87,0,6.24,BO,1684705427
321,alofi,-19.0595,-169.9187,78.69,83,100,11.5,NU,1684705137
322,foca,38.6703,26.7566,66.07,79,62,3.42,TR,1684705427
323,hazorasp,41.3194,61.0742,69.64,26,96,12.91,UZ,1684705427
324,egilsstadir,65.2653,-14.3948,48.11,61,75,18.41,IS,1684705427
325,gizo,-8.103,156.8419,82.89,76,100,7.45,SB,1684705427
326,bulgan,48.8125,103.5347,40.24,69,79,2.39,MN,1684705427
327,gamba,-2.65,10.0,75.36,87,94,4.23,GA,1684705427
328,myrina,39.8797,25.0742,61.84,77,20,4.61,GR,1684705427
329,shitanjing,39.2342,106.3439,48.15,25,22,3.36,CN,1684705428
330,naze,28.3667,129.4833,68.92,84,97,4.03,JP,1684705428
331,chilpancingo,17.55,-99.5,80.26,49,99,3.94,MX,1684705428
332,leppavirta,62.4901,27.7826,54.95,63,100,2.53,FI,1684705428
333,mossel bay,-34.1831,22.146,49.93,64,100,2.19,ZA,1684705428
334,coruripe,-10.1256,-36.1756,75.97,90,22,10.42,BR,1684705428
335,constitucion,-35.3333,-72.4167,54.45,95,100,15.21,CL,1684705428
336,puttalam,8.0362,79.8283,82.15,79,18,14.23,LK,1684705428
337,swan hill,-35.3378,143.5544,43.57,84,1,4.94,AU,1684705428
338,pokhara,28.2333,83.9833,72.16,44,16,6.8,NP,1684705428
339,nieuw nickerie,5.95,-56.9833,79.56,89,100,12.1,SR,1684705428
340,lepsy,46.235,78.9456,58.5,71,79,9.44,KZ,1684705428
341,al bawiti,28.3492,28.8659,77.5,18,0,10.0,EG,1684705429
342,al muwayh,22.4333,41.7583,78.64,19,2,8.21,SA,1684705429
343,pervomayskoye,43.919,46.7102,63.45,84,100,3.87,RU,1684705429
344,mitsamiouli,-11.3847,43.2844,79.77,77,8,5.1,KM,1684705429
345,uturoa,-16.7333,-151.4333,81.32,73,16,3.06,PF,1684705429
346,imperatriz,-5.5264,-47.4917,76.93,85,42,3.53,BR,1684705429
347,nemuro,43.3236,145.575,46.18,96,72,8.1,JP,1684705290
348,laughlin,35.1678,-114.573,101.91,18,40,10.0,US,1684705429
349,ta`u,-14.2336,-169.5144,82.38,78,78,12.73,AS,1684705429
350,tanabi,-20.6264,-49.6492,79.02,55,75,4.94,BR,1684705429
351,ola,59.5833,151.2833,37.15,89,100,1.86,RU,1684705429
352,hilo,19.7297,-155.09,84.27,78,75,8.05,US,1684705429
353,cosala,24.4125,-106.6908,103.26,11,1,12.26,MX,1684705429
354,kyzyl-suu,42.3414,78.0056,48.22,79,100,3.71,KG,1684705429
355,qulsary,46.9531,54.0198,70.09,48,100,13.53,KZ,1684705429
356,ibipeba,-11.6408,-42.0111,71.11,49,0,8.16,BR,1684705430
357,mermoz boabab,14.7065,-17.4758,75.76,83,0,13.8,SN,1684705221
358,tumpat,6.1978,102.171,78.78,94,20,2.3,MY,1684705430
359,vadso,70.0744,29.7487,54.48,66,0,9.22,NO,1684705430
360,punta cana,18.5818,-68.4043,82.17,78,100,9.22,DO,1684705430
361,cortez,37.3489,-108.5859,52.56,82,100,14.97,US,1684705430
362,cockburn town,21.4612,-71.1419,80.83,74,11,10.11,TC,1684705430
363,nyrsko,49.2939,13.1435,63.27,71,45,5.91,CZ,1684705430
364,coquimbo,-29.9533,-71.3436,60.53,77,0,10.36,CL,1684705329
365,thinadhoo,0.5333,72.9333,82.71,75,1,3.65,MV,1684705430
366,el jadid,33.2549,-8.506,64.72,64,1,12.46,MA,1684705430
367,thaba nchu,-29.2093,26.839,43.47,48,36,5.06,ZA,1684705430
368,quirinopolis,-18.4483,-50.4517,67.28,47,21,2.66,BR,1684705430
369,arno,60.1167,18.6333,47.79,69,84,6.67,SE,1684705431
370,el calafate,-50.3408,-72.2768,32.85,86,45,1.54,AR,1684705431
371,tahe,52.3333,124.7333,53.62,53,27,3.18,CN,1684705431
372,esfarayen,37.0765,57.5101,60.46,45,46,0.74,IR,1684705431
373,comandante fontana,-25.3345,-59.6821,64.85,98,100,7.9,AR,1684705431
374,westport,41.1415,-73.3579,71.58,57,40,14.97,US,1684705431
375,anacortes,48.5126,-122.6127,65.46,74,100,17.27,US,1684705431
376,muroto-misakicho,33.2833,134.15,69.17,80,24,3.33,JP,1684705431
377,balqash,46.8481,74.995,58.87,58,87,9.51,KZ,1684705431
378,qarazhal,48.0078,70.7903,53.51,46,12,8.88,KZ,1684705431
379,ancud,-41.8697,-73.8203,44.89,90,100,3.36,CL,1684705431
380,woolgoolga,-30.1106,153.2007,53.47,62,2,10.27,AU,1684705431
381,caburan,5.9181,125.6411,80.62,80,100,1.97,PH,1684705431
382,la cruz,23.9167,-106.9,90.27,43,2,16.17,MX,1684705432
383,daru,-9.0763,143.2092,77.86,85,100,18.23,PG,1684705432
384,smithers,54.7804,-127.1743,66.52,45,75,14.97,CA,1684705214
385,bubaque,11.2833,-15.8333,81.25,74,99,10.87,GW,1684705432
386,nova sintra,14.8667,-24.7167,68.61,79,100,15.39,CV,1684705432
387,chokwe,-24.5333,32.9833,66.6,52,0,4.68,MZ,1684705432
388,krasnyy yar,46.5331,48.3456,62.53,79,100,11.18,RU,1684705432
389,alice springs,-23.7,133.8833,36.95,93,0,6.76,AU,1684705234
390,forster,-32.1667,152.5167,52.29,73,2,8.84,AU,1684705432
391,jiuquan,39.7432,98.5174,51.24,52,0,5.77,CN,1684705432
392,quellon,-43.1167,-73.6167,48.45,81,100,2.3,CL,1684705432
393,vila velha,-20.3297,-40.2925,74.95,73,0,2.3,BR,1684705326
394,horizontina,-27.6258,-54.3078,58.73,94,100,4.63,BR,1684705432
395,evanston,42.0411,-87.6901,81.41,33,20,6.91,US,1684705432
396,mar del plata,-38.0023,-57.5575,63.09,93,40,14.97,AR,1684705433
397,tabou,4.423,-7.3528,79.63,82,50,4.59,CI,1684705433
398,chonchi,-42.6128,-73.8092,45.61,90,100,0.87,CL,1684705433
399,bengkulu,-3.8004,102.2655,76.26,87,76,3.87,ID,1684705433
400,at taj,24.2049,23.2857,80.46,15,46,10.33,LY,1684705433
401,lhasa,29.65,91.1,46.54,70,100,2.08,CN,1684705433
402,farasan,16.7022,42.1183,87.51,72,0,6.64,SA,1684705433
403,bodaybo,57.8506,114.1933,48.78,93,99,0.85,RU,1684705433
404,khorixas,-20.3667,14.9667,65.3,28,0,3.74,NA,1684705433
405,praia da vitoria,38.7333,-27.0667,64.65,77,40,10.76,PT,1684705433
406,kyzylorda,44.8528,65.5092,59.02,63,0,6.71,KZ,1684705433
407,idah,7.1065,6.7342,77.77,92,65,1.99,NG,1684705433
408,lianzhou,24.7811,112.3825,74.25,99,60,4.38,CN,1684705433
409,road town,18.4167,-64.6167,84.29,78,20,9.22,VG,1684705184
410,saint-joseph,-21.3667,55.6167,71.98,76,15,5.5,RE,1684705434
411,paraiso,9.8383,-83.8656,79.66,75,98,3.49,CR,1684705434
412,tshabong,-26.05,22.45,55.51,25,2,5.82,BW,1684705434
413,afaahiti,-17.75,-149.2833,84.07,74,0,5.12,PF,1684705434
414,st. paul,44.9444,-93.0933,80.6,30,0,5.75,US,1684705239
415,runka,12.4479,7.3092,80.53,68,49,18.57,NG,1684705434
416,kapuskasing,49.4169,-82.4331,50.09,40,40,8.05,CA,1684705434
417,inhambane,-23.865,35.3833,70.14,86,2,8.52,MZ,1684705434
418,nantucket,41.2835,-70.0995,69.91,72,0,14.97,US,1684705234
419,erenhot,43.6475,111.9767,50.07,48,27,8.48,CN,1684705434
420,lauro de freitas,-12.8944,-38.3272,80.62,74,75,12.66,BR,1684705434
421,rock springs,41.5875,-109.2029,76.23,26,20,6.91,US,1684705393
422,knyaze-volkonskoye,48.4642,135.4567,48.54,84,100,10.22,RU,1684705434
423,kone,-21.0595,164.8658,72.23,69,96,6.58,NC,1684705434
424,kikvidze,50.7416,43.0518,60.58,65,100,7.9,RU,1684705434
425,amherstburg,42.1168,-83.0499,77.99,50,40,9.22,CA,1684705435
426,la'ie,21.6477,-157.9253,85.96,72,75,13.6,US,1684705435
427,acapulco de juarez,16.8634,-99.8901,89.42,70,40,4.61,MX,1684705435
428,luderitz,-26.6481,15.1594,57.9,59,12,11.14,NA,1684705435
429,isabela,6.7085,121.9711,77.05,81,100,1.95,PH,1684705435
430,preobrazheniye,42.9019,133.9064,50.92,77,27,6.13,RU,1684705435
431,chui,-33.6971,-53.4616,63.57,94,100,7.11,UY,1684705435
432,kalmeshwar,21.2333,78.9,89.22,26,99,5.84,IN,1684705435
433,impfondo,1.6381,18.0667,72.01,95,98,1.01,CG,1684705435
434,mil'kovo,55.6078,37.7956,50.14,84,93,2.24,RU,1684705435
435,puerto santa,-8.9906,-78.6456,73.89,78,40,10.13,PE,1684705435
436,saint-philippe,-21.3585,55.7679,72.99,76,26,4.43,RE,1684705435
437,nata,8.3333,-80.5167,87.67,71,100,2.51,PA,1684705435
438,soligalich,59.0778,42.2864,52.02,90,50,4.9,RU,1684705436
439,monki,53.405,22.7979,56.68,69,77,3.51,PL,1684705436
440,bliss corner,41.6118,-70.9384,75.97,54,0,6.91,US,1684705436
441,metlili chaamba,32.2667,3.6333,75.72,20,46,14.52,DZ,1684705436
442,urzhar,47.093,81.6294,51.08,76,90,5.68,KZ,1684705436
443,pyinmana,19.7333,96.2167,78.21,71,4,3.4,MM,1684705436
444,knottsville,37.7717,-86.9042,76.62,57,12,6.53,US,1684705436
445,nema,57.5067,50.5011,54.91,83,99,2.75,RU,1684705407
446,ilhabela,-23.7781,-45.3581,67.44,79,78,6.33,BR,1684705436
447,colonia,50.9333,6.95,65.97,85,0,3.44,DE,1684705436
448,monteagudo,-19.8167,-63.9833,69.1,88,3,1.07,BO,1684705436
449,east end,34.5507,-92.341,75.25,57,100,4.99,US,1684705436
450,nouadhibou,20.931,-17.0347,66.18,72,99,18.41,MR,1684705436
451,vila franca do campo,37.7167,-25.4333,63.01,77,53,8.57,PT,1684705437
452,conduaga,8.862,117.4893,79.03,86,100,3.04,PH,1684705437
453,nakatsugawa,35.4833,137.5,69.39,72,94,1.74,JP,1684705437
454,aracati,-4.5617,-37.7697,80.01,82,21,9.15,BR,1684705437
455,kristiansund,63.1115,7.732,51.85,81,0,1.14,NO,1684705437
456,ust-tsilma,65.441,52.1498,52.43,57,99,2.77,RU,1684705437
457,oruro,-17.9833,-67.15,51.22,14,0,10.71,BO,1684705437
458,yemva,62.59,50.8594,51.6,62,3,2.95,RU,1684705437
459,pisco,-13.7,-76.2167,75.25,60,0,18.41,PE,1684705437
460,bata,1.8639,9.7658,78.57,88,100,6.93,GQ,1684705437
461,el charco,2.4769,-78.1105,79.47,89,100,4.34,CO,1684705438
462,al burayqah,30.4062,19.5739,67.69,76,0,7.78,LY,1684705438
463,colac,-38.3333,143.5833,48.83,96,66,5.57,AU,1684705438
464,siwa oasis,29.2041,25.5195,78.31,30,0,18.05,EG,1684705438
465,bundaberg north,-24.8551,152.3425,56.21,67,0,3.0,AU,1684705438
466,abu jibeha,11.4562,31.2285,87.87,12,2,8.61,SD,1684705438
467,frontera,26.9333,-101.45,85.32,48,40,4.0,MX,1684705438
468,kismayo,-0.3582,42.5454,79.56,84,99,12.93,SO,1684705438
469,sarmasag,47.35,22.8333,57.69,86,44,6.13,RO,1684705438
470,axim,4.8699,-2.2405,78.39,85,100,3.98,GH,1684705438
471,taichung,24.1469,120.6839,81.48,77,75,9.22,TW,1684705438
472,belfast,54.5833,-5.9333,53.42,72,100,6.91,GB,1684705411
473,bagan,54.1001,77.6646,56.97,45,100,5.95,RU,1684705439
474,ierapetra,35.01,25.7353,65.14,75,99,11.99,GR,1684705439
475,laguna,38.421,-121.4238,90.18,40,0,5.75,US,1684705439
476,flying fish cove,-10.4217,105.6791,78.48,83,75,10.36,CX,1684705439
477,trevelin,-43.0858,-71.4639,39.99,93,38,3.58,AR,1684705439
478,brokopondo,4.75,-55.1667,79.09,89,100,8.43,SR,1684705439
479,craig,40.5153,-107.5464,75.15,17,20,5.75,US,1684705216
480,sumbawa besar,-8.5,117.4333,68.94,93,10,5.19,ID,1684705439
481,sitia,35.2,26.0986,64.98,90,95,12.48,GR,1684705439
482,den burg,53.0542,4.7972,56.97,94,75,6.91,NL,1684705439
483,gaspe,48.8334,-64.4819,60.71,82,40,9.22,CA,1684705373
484,marang,5.2056,103.2059,76.91,89,100,4.94,MY,1684705439
485,korsakov,46.6328,142.7813,40.84,91,100,9.42,RU,1684705439
486,rabo de peixe,37.8,-25.5833,62.11,77,40,9.22,PT,1684705440
487,ingeniero jacobacci,-41.3427,-69.5448,45.59,64,55,15.03,AR,1684705440
488,karaidel',55.8337,56.9069,51.76,50,31,2.68,RU,1684705440
489,selkirk,50.1436,-96.8845,69.15,36,99,10.67,CA,1684705440
490,meadow lakes,61.6247,-149.6011,56.25,54,0,3.44,US,1684705440
491,st. john's,47.5649,-52.7093,54.79,74,75,21.85,CA,1684705428
492,mirny,62.5353,113.9611,32.23,50,10,7.0,RU,1684705440
493,calvinia,-31.4707,19.776,48.74,82,94,6.64,ZA,1684705440
494,bayganin,48.6947,55.8742,59.25,55,70,10.4,KZ,1684705440
495,kartaly,53.0522,60.6467,54.21,52,8,6.69,RU,1684705440
496,zeya,53.75,127.2667,54.72,61,24,4.68,RU,1684705440
497,aroma,15.8167,36.1333,85.28,34,0,10.51,SD,1684705440
498,kailua-kona,19.6406,-155.9956,85.28,72,40,16.11,US,1684705440
499,dokuchayevs'k,47.7477,37.6738,56.43,84,99,6.76,UA,1684705440
500,ciudad barrios,13.7667,-88.2667,90.63,26,99,2.98,SV,1684705441
501,palora,-1.7,-77.9333,75.31,82,72,1.5,EC,1684705441
502,skelleftea,64.7507,20.9528,55.76,83,0,6.91,SE,1684705441
503,solnechnyy,50.7214,136.6319,46.22,87,95,6.04,RU,1684705441
504,polatli,39.5772,32.1413,57.34,66,60,2.98,TR,1684705441
505,norresundby,57.0483,9.9352,57.06,72,12,4.61,DK,1684705441
506,nova vicosa,-17.8919,-39.3719,73.38,69,40,9.33,BR,1684705441
507,alesund,62.4723,6.1549,51.91,93,75,3.44,NO,1684705392
508,port hedland,-20.3167,118.5667,60.85,36,27,10.36,AU,1684705441
509,hereford,52.0568,-2.7148,54.73,77,42,3.74,GB,1684705441
510,codrington,-38.2667,141.9667,45.84,93,100,7.72,AU,1684705441
511,mount isa,-20.7333,139.5,55.17,38,0,8.05,AU,1684705383
512,trincomalee,8.5711,81.2335,81.03,78,100,14.88,LK,1684705441
513,cochrane,51.1834,-114.4687,85.91,29,75,3.44,CA,1684705221
514,vila do maio,15.1333,-23.2167,74.19,81,88,14.94,CV,1684705442
515,callao,-12.0667,-77.15,75.72,68,100,10.36,PE,1684705442
516,flin flon,54.7682,-101.865,55.24,38,100,10.36,CA,1684705442
517,biltine,14.5333,20.9167,88.81,37,61,7.87,TD,1684705442
518,concepcion,-36.827,-73.0498,55.2,100,75,11.5,CL,1684705442
519,moree,-29.4667,149.85,49.77,70,0,4.99,AU,1684705442
520,whistler,50.1164,-122.9695,67.23,45,75,3.44,CA,1684705442
521,rikaze,29.25,88.8833,44.26,59,100,2.01,CN,1684705442
522,pacific grove,36.6177,-121.9166,71.82,81,75,9.22,US,1684705442
523,khovd,48.0056,91.6419,50.05,57,56,4.99,MN,1684705442
524,zaozersk,69.4005,32.4476,49.53,84,92,12.97,RU,1684705443
525,maxixe,-23.8597,35.3472,69.19,87,2,7.58,MZ,1684705443
526,tripoli,32.8752,13.1875,68.23,57,2,4.12,LY,1684705443
527,abeche,13.8292,20.8324,87.37,38,69,4.68,TD,1684705443
528,namibe,-15.1961,12.1522,69.6,75,0,3.69,AO,1684705443
529,viqueque,-8.8673,126.3658,73.08,80,59,4.5,TL,1684705443
530,batticaloa,7.7102,81.6924,81.09,81,100,0.34,LK,1684705443
531,chipinge,-20.1883,32.6236,60.04,82,0,2.26,ZW,1684705443
532,borger,52.9233,6.7931,65.03,86,83,6.22,NL,1684705443
533,roxas,11.5853,122.7511,76.14,87,73,4.0,PH,1684705443
534,yanbu,24.0891,38.0637,77.04,83,0,2.3,SA,1684705443
535,berezovyy,51.6667,135.7,49.08,80,94,2.42,RU,1684705443
536,oradea,47.0667,21.9333,61.03,83,75,5.99,RO,1684705406
537,katabu,-4.9333,122.5167,73.81,90,28,5.53,ID,1684705444
538,taoudenni,22.6783,-3.9836,88.03,9,60,9.4,ML,1684705444
539,dankalwa,11.7443,12.1867,86.63,42,94,4.34,NG,1684705444
540,east ballina,-28.8667,153.5833,52.81,70,33,10.6,AU,1684705319
541,zhangzhou,24.5133,117.6556,80.53,96,81,2.82,CN,1684705444
542,salekhard,66.53,66.6019,38.37,82,63,4.52,RU,1684705444
543,poso,-1.3959,120.7524,76.66,87,98,3.8,ID,1684705444
544,knoxville,35.9606,-83.9207,78.31,49,0,13.8,US,1684705444
545,mawu,29.5923,107.3139,58.26,94,100,5.64,CN,1684705444
546,sandnessjoen,66.0217,12.6316,50.52,89,75,4.61,NO,1684705444
547,vozhega,60.4725,40.2213,55.92,71,100,4.65,RU,1684705444
548,gobabis,-22.45,18.9667,61.0,29,0,6.15,NA,1684705444
549,hobyo,5.3505,48.5268,82.18,81,46,15.32,SO,1684705445
550,lobujya,27.95,86.8167,20.32,49,72,9.17,NP,1684705445
551,turabah,21.2141,41.6331,78.42,41,6,4.79,SA,1684705445
552,ibeto,10.4854,5.145,80.1,71,50,3.49,NG,1684705445
553,rodolfo sanchez taboada,31.7167,-116.5667,68.97,66,8,8.95,MX,1684705445
554,kwang binh,17.4833,106.6,85.55,65,48,9.8,VN,1684705445
555,aydincik,36.1437,33.3202,67.87,69,45,9.31,TR,1684705445
556,fecamp,49.7579,0.3746,56.91,91,83,11.21,FR,1684705445
557,lingyuan,41.24,119.4011,57.87,34,6,4.74,CN,1684705445
558,molchanovo,57.5817,83.7692,47.95,71,19,5.68,RU,1684705445
559,megion,61.0296,76.1136,44.62,65,12,7.94,RU,1684705445
560,puerto quijarro,-17.7833,-57.7667,79.14,49,88,2.39,BO,1684705445
561,nogliki,51.8333,143.1667,35.55,90,100,11.79,RU,1684705446
562,happy valley-goose bay,53.3168,-60.3315,41.31,93,100,20.71,CA,1684705441
